{
    "logistic_regression": 0.873015873015873,
    "random_forest": 0.8888888888888888,
    "knn": 0.9047619047619048
}